GROUP,PACKAGE,CLASS,INSTRUCTION_MISSED,INSTRUCTION_COVERED,BRANCH_MISSED,BRANCH_COVERED,LINE_MISSED,LINE_COVERED,COMPLEXITY_MISSED,COMPLEXITY_COVERED,METHOD_MISSED,METHOD_COVERED
market-data-app,com.leap.leaplaughlove.marketdata.ingestion,Quote,36,39,0,0,12,15,12,2,12,2
market-data-app,com.leap.leaplaughlove.marketdata.ingestion,QuoteIngestionService,18,239,2,12,5,50,3,13,1,8
market-data-app,com.leap.leaplaughlove.marketdata.ingestion,SimulatedQuoteFeedFormatter,0,125,0,0,0,25,0,3,0,3
market-data-app,com.leap.leaplaughlove.marketdata.ingestion,QuoteIngestedEvent,0,6,0,0,0,1,0,1,0,1
market-data-app,com.leap.leaplaughlove.marketdata.ingestion,QuoteFeedMessageParser,24,183,3,11,5,34,3,10,0,6
market-data-app,com.leap.leaplaughlove.marketdata.ingestion,QuoteParseException,3,7,0,0,1,3,1,1,1,1
market-data-app,com.leap.leaplaughlove.marketdata.ingestion,QuoteState,0,36,0,0,0,1,0,1,0,1
market-data-app,com.leap.leaplaughlove.marketdata.ingestion,QuoteFeedMessage,0,33,0,0,0,1,0,1,0,1
market-data-app,com.leap.leaplaughlove.marketdata.simulation,MarketSimulationEngine.InstrumentSimState,3,34,0,0,1,12,1,6,1,6
market-data-app,com.leap.leaplaughlove.marketdata.simulation,MarketSimulationEngine,9,158,0,2,1,37,1,7,1,6
market-data-app,com.leap.leaplaughlove.marketdata.simulation,GbmPriceGenerator,0,43,0,4,0,7,0,3,0,1
market-data-app,com.leap.leaplaughlove.marketdata.simulation,PriceState,0,12,0,0,0,1,0,1,0,1
market-data-app,com.leap.leaplaughlove.marketdata.simulation,PriceTickEvent,0,6,0,0,0,1,0,1,0,1
market-data-app,com.leap.leaplaughlove.marketdata.api,QuoteController,0,57,0,0,0,10,0,5,0,5
market-data-app,com.leap.leaplaughlove.marketdata.api,PriceCandleResponse,21,0,0,0,1,0,1,0,1,0
market-data-app,com.leap.leaplaughlove.marketdata.api,PriceResponse,0,15,0,0,0,1,0,1,0,1
market-data-app,com.leap.leaplaughlove.marketdata.api,QuoteResponse,0,30,0,0,0,1,0,1,0,1
market-data-app,com.leap.leaplaughlove.marketdata.api,PriceController,34,124,4,10,6,24,5,10,1,7
market-data-app,com.leap.leaplaughlove.marketdata.common,MarketDataGlobalExceptionHandler,50,27,3,1,10,6,7,3,5,3
market-data-app,com.leap.leaplaughlove.marketdata.stream,PriceStreamBroadcaster.Subscription,2,122,4,14,2,28,4,10,0,5
market-data-app,com.leap.leaplaughlove.marketdata.stream,PriceStreamController,33,6,6,0,8,3,5,1,2,1
market-data-app,com.leap.leaplaughlove.marketdata.stream,PriceStreamBroadcaster,3,80,0,4,0,19,1,7,1,5
market-data-app,com.leap.leaplaughlove.marketdata,MarketDataApplication,5,3,0,0,2,1,1,1,1,1
market-data-app,com.leap.leaplaughlove.marketdata.history,PriceCandle,10,65,0,0,1,22,1,11,1,11
market-data-app,com.leap.leaplaughlove.marketdata.history,PriceCandleRepository,2,26,1,1,0,5,1,3,0,3
market-data-app,com.leap.leaplaughlove.marketdata.history,PriceHistoryBackfill,5,300,1,25,1,61,1,19,0,7
market-data-app,com.leap.leaplaughlove.marketdata.history,PriceHistoryBackfill.Accumulation,0,63,0,0,0,15,0,4,0,4
market-data-app,com.leap.leaplaughlove.marketdata.history,PriceCandleRetention,27,49,2,4,3,15,2,4,0,3
market-data-app,com.leap.leaplaughlove.marketdata.history,PriceCandleAccumulator.CandleAccumulation,0,44,0,0,0,3,0,3,0,3
market-data-app,com.leap.leaplaughlove.marketdata.history,PriceCandleBulkWriter,40,99,1,3,9,23,2,5,1,4
market-data-app,com.leap.leaplaughlove.marketdata.history,CandleTier,5,86,1,9,1,17,1,6,0,2
market-data-app,com.leap.leaplaughlove.marketdata.history,PriceCandleAccumulator.BucketKey,0,9,0,0,0,1,0,1,0,1
market-data-app,com.leap.leaplaughlove.marketdata.history,PriceCandleAccumulator,1,265,3,19,1,55,3,19,0,11
market-data-app,com.leap.leaplaughlove.marketdata.history,PriceCandle.Key,83,3,18,0,13,2,12,1,3,1
market-data-app,com.leap.leaplaughlove.marketdata.instrument,SimulatedInstrument,3,51,0,0,1,19,1,9,1,9
market-data-app,com.leap.leaplaughlove.marketdata.security,MarketDataSecurityConfig,4,79,0,0,1,15,1,7,1,7
